current_status,control,share_control,treatment,share_treatment
Employed,14885.521802996853,0.7166147603984632,15160.127844638282,0.7298347701058299
Inactive care,1077.1430203743266,0.051855527651373405,1056.3187288703784,0.05085301024794818
Inactive long term sick,770.5865097371135,0.037097367116171516,585.0311645198476,0.028164411925661863
Inactive other,109.09356681725738,0.005251952956732984,117.27391021192018,0.005645768833618347
Inactive retired,1427.8511105469838,0.06873922157457087,1425.6314512666488,0.06863236333846766
Inactive student,1486.8845656542862,0.07158119418709265,1505.8724958226305,0.07249530598029232
Unemployed,1014.9194238731485,0.04885997611559552,921.7444046702677,0.044374369568181624
